PERCENTAGE OF VISITS FOR INFLUENZA-LIKE-ILLNESS REPORTED BY SENTINEL PROVIDERS
REGION TYPE,REGION,YEAR,WEEK,% WEIGHTED ILI,%UNWEIGHTED ILI,AGE 0-4,AGE 25-49,AGE 25-64,AGE 5-24,AGE 50-64,AGE 65,ILITOTAL,NUM. OF PROVIDERS,TOTAL PATIENTS
States,New York,2015,40,X,0.588433,X,X,X,X,X,X,70,80,11896
States,New York,2015,41,X,0.557203,X,X,X,X,X,X,62,80,11127
States,New York,2015,42,X,0.85962,X,X,X,X,X,X,115,82,13378
States,New York,2015,43,X,0.816171,X,X,X,X,X,X,107,83,13110
States,New York,2015,44,X,0.655665,X,X,X,X,X,X,89,84,13574
States,New York,2015,45,X,0.723665,X,X,X,X,X,X,97,85,13404
States,New York,2015,46,X,1.18498,X,X,X,X,X,X,159,82,13418
States,New York,2015,47,X,0.97867,X,X,X,X,X,X,78,83,7970
States,New York,2015,48,X,1.1818,X,X,X,X,X,X,141,80,11931
States,New York,2015,49,X,1.51335,X,X,X,X,X,X,178,77,11762
States,New York,2015,50,X,1.25511,X,X,X,X,X,X,129,80,10278
States,New York,2015,51,X,2.14651,X,X,X,X,X,X,126,80,5870
States,New York,2015,52,X,1.97842,X,X,X,X,X,X,99,78,5004
States,New York,2016,1,X,1.15723,X,X,X,X,X,X,92,75,7950
States,New York,2016,2,X,2.56989,X,X,X,X,X,X,205,78,7977
States,New York,2016,3,X,1.90067,X,X,X,X,X,X,155,82,8155
States,New York,2016,4,X,1.6013,X,X,X,X,X,X,167,81,10429
States,New York,2016,5,X,1.7329,X,X,X,X,X,X,191,83,11022
States,New York,2016,6,X,2.71642,X,X,X,X,X,X,273,80,10050
States,New York,2016,7,X,1.76664,X,X,X,X,X,X,172,80,9736
States,New York,2016,8,X,2.83297,X,X,X,X,X,X,288,79,10166
States,New York,2016,9,X,3.41463,X,X,X,X,X,X,357,80,10455
States,New York,2016,10,X,3.41609,X,X,X,X,X,X,366,79,10714
States,New York,2016,11,X,3.80303,X,X,X,X,X,X,346,75,9098
States,New York,2016,12,X,2.89463,X,X,X,X,X,X,278,72,9604
States,New York,2016,13,X,1.59898,X,X,X,X,X,X,113,47,7067
States,New York,2016,14,X,1.35135,X,X,X,X,X,X,97,45,7178
States,New York,2016,15,X,1.53967,X,X,X,X,X,X,118,41,7664
States,New York,2016,16,X,1.09692,X,X,X,X,X,X,79,40,7202
States,New York,2016,17,X,1.0275,X,X,X,X,X,X,68,40,6618
States,New York,2016,18,X,0.858972,X,X,X,X,X,X,55,37,6403
States,New York,2016,19,X,0.552289,X,X,X,X,X,X,31,36,5613
States,New York,2016,20,X,0.529832,X,X,X,X,X,X,23,34,4341
States,New York,2016,21,X,0.327198,X,X,X,X,X,X,8,30,2445
States,New York,2016,22,X,0,X,X,X,X,X,X,0,32,1965
States,New York,2016,23,X,0,X,X,X,X,X,X,0,32,2372
States,New York,2016,24,X,0.0979912,X,X,X,X,X,X,2,30,2041
States,New York,2016,25,X,0.0453926,X,X,X,X,X,X,1,31,2203
States,New York,2016,26,X,0.0457247,X,X,X,X,X,X,1,31,2187
States,New York,2016,27,X,0,X,X,X,X,X,X,0,31,1800
States,New York,2016,28,X,0.0838926,X,X,X,X,X,X,2,30,2384
States,New York,2016,29,X,0,X,X,X,X,X,X,0,29,1968
States,New York,2016,30,X,0,X,X,X,X,X,X,0,30,2143
States,New York,2016,31,X,0.110742,X,X,X,X,X,X,2,26,1806
States,New York,2016,32,X,0,X,X,X,X,X,X,0,26,1638
States,New York,2016,33,X,0.182039,X,X,X,X,X,X,3,23,1648
States,New York,2016,34,X,0.031506,X,X,X,X,X,X,1,21,3174
States,New York,2016,35,X,0,X,X,X,X,X,X,0,24,4301
States,New York,2016,36,X,0.0777605,X,X,X,X,X,X,3,24,3858
States,New York,2016,37,X,0.183486,X,X,X,X,X,X,9,24,4905
States,New York,2016,38,X,0.0412967,X,X,X,X,X,X,2,24,4843
States,New York,2016,39,X,0.164406,X,X,X,X,X,X,8,25,4866
